campaign,date,cost,conversions,clicks,impressions,ctr,cvr,cpa
a&c_EMEA_BI_Tableau_Exact,2025-12-01,19.0,1.0,1,2,0.5,1.0,19.0
a&c_EMEA_BI_Tableau_Exact,2026-01-15,3.55,0.0,1,7,0.1429,0.0,
a&c_EMEA_BI_Tableau_Exact,2026-02-05,11.76,0.0,1,1,1.0,0.0,
a&c_EMEA_BI_Tableau_Exact,2026-02-24,7.56,0.0,2,9,0.22219999999999998,0.0,
a&c_EMEA_MEASURE_Cookie Consent_Exact,2025-12-01,9.98,0.0,1,0,0.0,0.0,
a&c_EMEA_MEASURE_Cookie Consent_Exact,2026-02-06,12.76,0.0,2,3,0.6667000000000001,0.0,
a&c_EMEA_MEASURE_GA_Training & Audits_Exact,2025-12-02,55.32,1.0,3,17,0.1765,0.3333,55.32
a&c_EMEA_MEASURE_GA_Training & Audits_Exact,2025-12-03,5.72,0.0,2,14,0.1429,0.0,
a&c_EMEA_MEASURE_GA_Training & Audits_Exact,2025-12-04,24.12,0.0,1,19,0.0526,0.0,
a&c_EMEA_MEASURE_GA_Training & Audits_Exact,2025-12-05,19.77,1.0,1,15,0.0667,1.0,19.77
a&c_EMEA_MEASURE_GA_Training & Audits_Exact,2025-12-10,25.15,1.0,3,22,0.1364,0.3333,25.15
a&c_EMEA_MEASURE_GA_Training & Audits_Exact,2025-12-11,5.94,0.0,1,9,0.11109999999999999,0.0,
a&c_EMEA_MEASURE_GA_Training & Audits_Exact,2025-12-12,55.22,0.0,2,11,0.1818,0.0,
a&c_EMEA_MEASURE_GA_Training & Audits_Exact,2026-01-05,1.84,0.0,1,22,0.0455,0.0,
a&c_EMEA_MEASURE_GA_Training & Audits_Exact,2026-01-07,4.63,0.0,1,17,0.0588,0.0,
a&c_EMEA_MEASURE_GA_Training & Audits_Exact,2026-01-08,4.38,0.0,1,19,0.0526,0.0,
a&c_EMEA_MEASURE_GA_Training & Audits_Exact,2026-01-09,4.66,0.0,2,13,0.15380000000000002,0.0,
a&c_EMEA_MEASURE_GA_Training & Audits_Exact,2026-01-14,22.31,0.0,1,25,0.04,0.0,
a&c_EMEA_MEASURE_GA_Training & Audits_Exact,2026-01-19,2.32,0.0,1,11,0.0909,0.0,
a&c_EMEA_MEASURE_GA_Training & Audits_Exact,2026-01-20,14.99,0.0,1,17,0.0588,0.0,
a&c_EMEA_MEASURE_GA_Training & Audits_Exact,2026-01-21,8.42,0.0,2,22,0.0909,0.0,
a&c_EMEA_MEASURE_GA_Training & Audits_Exact,2026-01-23,5.33,0.0,1,8,0.125,0.0,
a&c_EMEA_MEASURE_GA_Training & Audits_Exact,2026-01-26,5.37,0.0,1,17,0.0588,0.0,
a&c_EMEA_MEASURE_GA_Training & Audits_Exact,2026-01-28,13.67,0.0,2,26,0.07690000000000001,0.0,
a&c_EMEA_MEASURE_GA_Training & Audits_Exact,2026-02-03,37.16,0.0,2,33,0.060599999999999994,0.0,
a&c_EMEA_MEASURE_GA_Training & Audits_Exact,2026-02-05,10.01,0.0,1,31,0.0323,0.0,
a&c_EMEA_MEASURE_GA_Training & Audits_Exact,2026-02-11,56.53,0.0,1,5,0.2,0.0,
a&c_EMEA_MEASURE_GA_Training & Audits_Exact,2026-02-19,6.63,0.0,1,16,0.0625,0.0,
a&c_EMEA_MEASURE_GA_Training & Audits_Exact,2026-02-20,2.13,0.0,1,6,0.16670000000000001,0.0,
a&c_EMEA_MEASURE_GA_Training & Audits_Exact,2026-02-24,23.96,0.0,2,7,0.2857,0.0,
a&c_EMEA_MEASURE_GA_Training & Audits__Phrase,2025-12-01,7.98,0.0,1,6,0.16670000000000001,0.0,
a&c_EMEA_MEASURE_GA_Training & Audits__Phrase,2025-12-02,3.57,0.0,1,7,0.1429,0.0,
a&c_EMEA_MEASURE_GA_Training & Audits__Phrase,2025-12-03,2.95,0.0,1,8,0.125,0.0,
a&c_EMEA_MEASURE_GA_Training & Audits__Phrase,2025-12-04,6.47,0.0,1,6,0.16670000000000001,0.0,
a&c_EMEA_MEASURE_GA_Training & Audits__Phrase,2026-01-06,28.54,1.0,2,19,0.10529999999999999,0.5,28.54
a&c_EMEA_MEASURE_GA_Training & Audits__Phrase,2026-01-07,27.94,0.0,1,3,0.3333,0.0,
a&c_EMEA_MEASURE_GA_Training & Audits__Phrase,2026-01-08,3.97,0.0,1,6,0.16670000000000001,0.0,
a&c_EMEA_MEASURE_GA_Training & Audits__Phrase,2026-01-12,29.77,0.0,2,6,0.3333,0.0,
a&c_EMEA_MEASURE_GA_Training & Audits__Phrase,2026-01-14,4.24,0.0,1,5,0.2,0.0,
a&c_EMEA_MEASURE_GA_Training & Audits__Phrase,2026-01-16,14.91,0.0,2,8,0.25,0.0,
a&c_EMEA_MEASURE_GA_Training & Audits__Phrase,2026-01-22,6.31,0.0,1,15,0.0667,0.0,
a&c_EMEA_MEASURE_GA_Training & Audits__Phrase,2026-01-23,13.11,0.0,1,9,0.11109999999999999,0.0,
a&c_EMEA_MEASURE_GA_Training & Audits__Phrase,2026-02-03,3.8,0.0,2,9,0.22219999999999998,0.0,
a&c_EMEA_MEASURE_GA_Training & Audits__Phrase,2026-02-05,34.09,0.0,2,14,0.1429,0.0,
a&c_EMEA_MEASURE_GA_Training & Audits__Phrase,2026-02-09,6.25,0.0,2,8,0.25,0.0,
a&c_EMEA_MEASURE_GA_Training & Audits__Phrase,2026-02-10,6.36,0.0,1,10,0.1,0.0,
a&c_EMEA_MEASURE_GA_Training & Audits__Phrase,2026-02-16,20.04,0.0,1,13,0.07690000000000001,0.0,
a&c_EMEA_MEASURE_GA_Training & Audits__Phrase,2026-02-18,4.63,0.0,1,12,0.0833,0.0,
a&c_EMEA_MEASURE_GA_Training & Audits__Phrase,2026-02-23,4.72,0.0,1,6,0.16670000000000001,0.0,
a&c_EMEA_MEASURE_GA_Training & Audits__Phrase,2026-02-24,18.3,0.0,1,2,0.5,0.0,
a&c_EMEA_MEASURE_GA_Training & Audits__Phrase,2026-02-26,17.3,0.0,1,13,0.07690000000000001,0.0,
a&c_EMEA_MEASURE_Google Analytics_Services_Exact,2025-12-01,2.8,0.0,1,10,0.1,0.0,
a&c_EMEA_MEASURE_Google Analytics_Services_Exact,2025-12-04,65.1,0.0,1,27,0.037000000000000005,0.0,
a&c_EMEA_MEASURE_Google Analytics_Services_Exact,2025-12-09,15.39,0.0,1,32,0.0313,0.0,
a&c_EMEA_MEASURE_Google Analytics_Services_Exact,2025-12-10,9.56,0.0,1,34,0.0294,0.0,
a&c_EMEA_MEASURE_Google Analytics_Services_Exact,2025-12-11,9.37,0.0,1,27,0.037000000000000005,0.0,
a&c_EMEA_MEASURE_Google Analytics_Services_Exact,2026-01-05,119.19,0.0,2,15,0.1333,0.0,
a&c_EMEA_MEASURE_Google Analytics_Services_Exact,2026-01-07,25.37,0.0,1,28,0.035699999999999996,0.0,
a&c_EMEA_MEASURE_Google Analytics_Services_Exact,2026-01-08,18.87,0.0,2,21,0.09519999999999999,0.0,
a&c_EMEA_MEASURE_Google Analytics_Services_Exact,2026-01-13,66.93,1.0,3,30,0.1,0.3333,66.93
a&c_EMEA_MEASURE_Google Analytics_Services_Exact,2026-01-15,21.93,0.0,1,51,0.0196,0.0,
a&c_EMEA_MEASURE_Google Analytics_Services_Exact,2026-01-16,131.42,0.0,5,30,0.16670000000000001,0.0,
a&c_EMEA_MEASURE_Google Analytics_Services_Exact,2026-01-19,35.43,0.0,2,39,0.0513,0.0,
a&c_EMEA_MEASURE_Google Analytics_Services_Exact,2026-01-22,18.48,0.0,1,24,0.0417,0.0,
a&c_EMEA_MEASURE_Google Analytics_Services_Exact,2026-02-04,19.16,0.0,2,23,0.087,0.0,
a&c_EMEA_MEASURE_Google Analytics_Services_Exact,2026-02-05,219.76,1.0,2,13,0.15380000000000002,0.5,219.76
a&c_EMEA_MEASURE_Google Analytics_Services_Exact,2026-02-16,64.8,0.0,1,17,0.0588,0.0,
a&c_EMEA_MEASURE_Google Analytics_Services_Exact,2026-02-20,21.91,0.0,1,18,0.0556,0.0,
a&c_EMEA_MEASURE_Google Analytics_Services_Exact,2026-02-23,46.53,0.0,2,12,0.16670000000000001,0.0,
a&c_EMEA_MEASURE_Google Analytics_Services_Phrase,2025-12-01,1.13,0.0,1,184,0.0054,0.0,
a&c_EMEA_MEASURE_Google Analytics_Services_Phrase,2025-12-03,117.36,1.0,6,201,0.029900000000000003,0.16670000000000001,117.36
a&c_EMEA_MEASURE_Google Analytics_Services_Phrase,2025-12-04,19.29,0.0,3,195,0.0154,0.0,
a&c_EMEA_MEASURE_Google Analytics_Services_Phrase,2025-12-05,20.77,0.0,2,140,0.0143,0.0,
a&c_EMEA_MEASURE_Google Analytics_Services_Phrase,2025-12-08,187.43,0.0,6,226,0.0265,0.0,
a&c_EMEA_MEASURE_Google Analytics_Services_Phrase,2025-12-09,98.66,0.0,8,290,0.0276,0.0,
a&c_EMEA_MEASURE_Google Analytics_Services_Phrase,2025-12-10,22.56,0.0,2,240,0.0083,0.0,
a&c_EMEA_MEASURE_Google Analytics_Services_Phrase,2025-12-11,81.15,0.0,3,256,0.011699999999999999,0.0,
a&c_EMEA_MEASURE_Google Analytics_Services_Phrase,2025-12-12,84.73,0.0,5,196,0.0255,0.0,
a&c_EMEA_MEASURE_Google Analytics_Services_Phrase,2026-01-05,17.5,0.0,1,22,0.0455,0.0,
a&c_EMEA_MEASURE_Google Analytics_Services_Phrase,2026-01-08,43.17,1.0,4,276,0.014499999999999999,0.25,43.17
a&c_EMEA_MEASURE_Google Analytics_Services_Phrase,2026-01-12,147.54,0.0,4,202,0.019799999999999998,0.0,
a&c_EMEA_MEASURE_Google Analytics_Services_Phrase,2026-01-13,32.79,0.0,4,172,0.0233,0.0,
a&c_EMEA_MEASURE_Google Analytics_Services_Phrase,2026-01-14,18.42,0.0,2,168,0.011899999999999999,0.0,
a&c_EMEA_MEASURE_Google Analytics_Services_Phrase,2026-01-15,100.5,0.0,3,237,0.0127,0.0,
a&c_EMEA_MEASURE_Google Analytics_Services_Phrase,2026-01-16,66.0,0.0,5,171,0.0292,0.0,
a&c_EMEA_MEASURE_Google Analytics_Services_Phrase,2026-01-19,117.41,0.0,4,195,0.020499999999999997,0.0,
a&c_EMEA_MEASURE_Google Analytics_Services_Phrase,2026-01-20,67.91,1.0,4,184,0.0217,0.25,67.91
a&c_EMEA_MEASURE_Google Analytics_Services_Phrase,2026-01-21,41.73,0.0,4,258,0.0155,0.0,
a&c_EMEA_MEASURE_Google Analytics_Services_Phrase,2026-01-22,100.74,0.0,4,224,0.0179,0.0,
a&c_EMEA_MEASURE_Google Analytics_Services_Phrase,2026-01-23,82.75,0.0,5,213,0.0235,0.0,
a&c_EMEA_MEASURE_Google Analytics_Services_Phrase,2026-01-26,53.93,0.0,4,241,0.0166,0.0,
a&c_EMEA_MEASURE_Google Analytics_Services_Phrase,2026-01-27,106.92,0.0,3,292,0.0103,0.0,
a&c_EMEA_MEASURE_Google Analytics_Services_Phrase,2026-01-28,83.38,0.0,5,209,0.0239,0.0,
a&c_EMEA_MEASURE_Google Analytics_Services_Phrase,2026-01-29,30.85,0.0,3,222,0.013500000000000002,0.0,
a&c_EMEA_MEASURE_Google Analytics_Services_Phrase,2026-01-30,84.48,0.0,3,150,0.02,0.0,
a&c_EMEA_MEASURE_Google Analytics_Services_Phrase,2026-02-02,38.61,0.0,2,197,0.0102,0.0,
a&c_EMEA_MEASURE_Google Analytics_Services_Phrase,2026-02-04,47.97,0.0,2,204,0.0098,0.0,
a&c_EMEA_MEASURE_Google Analytics_Services_Phrase,2026-02-05,103.44,1.0,9,246,0.0366,0.11109999999999999,103.44
a&c_EMEA_MEASURE_Google Analytics_Services_Phrase,2026-02-06,68.86,0.0,4,129,0.031,0.0,
a&c_EMEA_MEASURE_Google Analytics_Services_Phrase,2026-02-09,272.98,0.0,5,228,0.0219,0.0,
a&c_EMEA_MEASURE_Google Analytics_Services_Phrase,2026-02-10,91.4,0.0,2,190,0.0105,0.0,
a&c_EMEA_MEASURE_Google Analytics_Services_Phrase,2026-02-11,120.11,0.0,4,241,0.0166,0.0,
a&c_EMEA_MEASURE_Google Analytics_Services_Phrase,2026-02-12,16.97,0.0,1,217,0.0046,0.0,
a&c_EMEA_MEASURE_Google Analytics_Services_Phrase,2026-02-13,3.49,0.0,1,149,0.0067,0.0,
a&c_EMEA_MEASURE_Google Analytics_Services_Phrase,2026-02-16,98.54,0.0,2,186,0.0108,0.0,
a&c_EMEA_MEASURE_Google Analytics_Services_Phrase,2026-02-17,30.53,0.0,4,250,0.016,0.0,
a&c_EMEA_MEASURE_Google Analytics_Services_Phrase,2026-02-18,30.97,0.0,3,186,0.0161,0.0,
a&c_EMEA_MEASURE_Google Analytics_Services_Phrase,2026-02-19,21.62,0.0,2,180,0.0111,0.0,
a&c_EMEA_MEASURE_Google Analytics_Services_Phrase,2026-02-20,31.86,1.0,2,121,0.0165,0.5,31.86
a&c_EMEA_MEASURE_Google Analytics_Services_Phrase,2026-02-23,15.5,0.0,2,128,0.015600000000000001,0.0,
a&c_EMEA_MEASURE_Google Analytics_Services_Phrase,2026-02-24,86.56,0.0,4,120,0.0333,0.0,
a&c_EMEA_MEASURE_Google Analytics_Services_Phrase,2026-02-25,116.08,2.0,6,103,0.0583,0.3333,58.04
a&c_EMEA_MEASURE_Google Analytics_Services_Phrase,2026-02-26,50.63,0.0,4,138,0.028999999999999998,0.0,
a&c_EMEA_MEASURE_Google Tag Manager_Exact,2025-12-03,5.61,0.0,1,15,0.0667,0.0,
a&c_EMEA_MEASURE_Google Tag Manager_Exact,2025-12-08,4.06,0.0,1,16,0.0625,0.0,
a&c_EMEA_MEASURE_Google Tag Manager_Exact,2025-12-09,7.45,0.0,1,15,0.0667,0.0,
a&c_EMEA_MEASURE_Google Tag Manager_Exact,2026-01-06,15.08,0.0,2,24,0.0833,0.0,
a&c_EMEA_MEASURE_Google Tag Manager_Exact,2026-01-15,10.79,0.0,1,9,0.11109999999999999,0.0,
a&c_EMEA_MEASURE_Google Tag Manager_Exact,2026-01-16,8.27,0.0,1,9,0.11109999999999999,0.0,
a&c_EMEA_MEASURE_Google Tag Manager_Exact,2026-01-20,71.32,0.0,2,12,0.16670000000000001,0.0,
a&c_EMEA_MEASURE_Google Tag Manager_Exact,2026-01-21,9.67,0.0,1,8,0.125,0.0,
a&c_EMEA_MEASURE_Google Tag Manager_Exact,2026-01-22,6.16,0.0,1,16,0.0625,0.0,
a&c_EMEA_MEASURE_Google Tag Manager_Exact,2026-01-29,75.36,0.0,1,8,0.125,0.0,
a&c_EMEA_MEASURE_Google Tag Manager_Exact,2026-02-05,44.02,0.0,2,6,0.3333,0.0,
a&c_EMEA_MEASURE_Google Tag Manager_Exact,2026-02-09,45.36,0.0,1,11,0.0909,0.0,
a&c_EMEA_MEASURE_Google Tag Manager_Exact,2026-02-10,98.56,0.0,3,17,0.1765,0.0,
a&c_EMEA_MEASURE_Google Tag Manager_Exact,2026-02-11,171.2,0.0,3,29,0.10339999999999999,0.0,
a&c_EMEA_MEASURE_Google Tag Manager_Exact,2026-02-12,100.93,1.0,3,16,0.1875,0.3333,100.93
a&c_EMEA_MEASURE_Google Tag Manager_Exact,2026-02-18,49.76,0.0,2,16,0.125,0.0,
a&c_EMEA_MEASURE_Google Tag Manager_Exact,2026-02-19,6.76,0.0,1,12,0.0833,0.0,
a&c_EMEA_MEASURE_Google Tag Manager_Exact,2026-02-26,19.23,0.0,1,10,0.1,0.0,
a&c_EMEA_MEASURE_Google Tag Manager_Exact,2026-02-27,14.82,0.0,1,7,0.1429,0.0,
a&c_EMEA_MEASURE_Google Tag Manager_Phrase,2025-12-01,9.59,0.0,1,123,0.008100000000000001,0.0,
a&c_EMEA_MEASURE_Google Tag Manager_Phrase,2025-12-02,3.92,0.0,1,127,0.0079,0.0,
a&c_EMEA_MEASURE_Google Tag Manager_Phrase,2025-12-03,25.0,0.0,2,176,0.011399999999999999,0.0,
a&c_EMEA_MEASURE_Google Tag Manager_Phrase,2025-12-04,44.0,0.0,2,131,0.015300000000000001,0.0,
a&c_EMEA_MEASURE_Google Tag Manager_Phrase,2025-12-05,10.36,0.0,1,112,0.0089,0.0,
a&c_EMEA_MEASURE_Google Tag Manager_Phrase,2025-12-08,20.79,0.0,2,200,0.01,0.0,
a&c_EMEA_MEASURE_Google Tag Manager_Phrase,2025-12-09,35.14,1.0,2,156,0.0128,0.5,35.14
a&c_EMEA_MEASURE_Google Tag Manager_Phrase,2025-12-10,40.89,1.0,2,145,0.0138,0.5,40.89
a&c_EMEA_MEASURE_Google Tag Manager_Phrase,2025-12-11,85.77,0.0,6,190,0.0316,0.0,
a&c_EMEA_MEASURE_Google Tag Manager_Phrase,2025-12-12,41.49,0.0,2,81,0.024700000000000003,0.0,
a&c_EMEA_MEASURE_Google Tag Manager_Phrase,2026-01-06,15.03,0.0,1,26,0.0385,0.0,
a&c_EMEA_MEASURE_Google Tag Manager_Phrase,2026-01-07,19.8,0.0,3,161,0.018600000000000002,0.0,
a&c_EMEA_MEASURE_Google Tag Manager_Phrase,2026-01-08,94.58,0.0,1,158,0.0063,0.0,
a&c_EMEA_MEASURE_Google Tag Manager_Phrase,2026-01-09,62.32,0.0,3,168,0.0179,0.0,
a&c_EMEA_MEASURE_Google Tag Manager_Phrase,2026-01-12,7.63,0.0,1,119,0.0084,0.0,
a&c_EMEA_MEASURE_Google Tag Manager_Phrase,2026-01-13,44.01,0.0,3,179,0.0168,0.0,
a&c_EMEA_MEASURE_Google Tag Manager_Phrase,2026-01-14,4.1,0.0,1,172,0.0058,0.0,
a&c_EMEA_MEASURE_Google Tag Manager_Phrase,2026-01-15,78.2,0.0,5,180,0.0278,0.0,
a&c_EMEA_MEASURE_Google Tag Manager_Phrase,2026-01-19,85.08,1.0,6,183,0.032799999999999996,0.16670000000000001,85.08
a&c_EMEA_MEASURE_Google Tag Manager_Phrase,2026-01-21,34.36,0.0,3,243,0.0123,0.0,
a&c_EMEA_MEASURE_Google Tag Manager_Phrase,2026-01-22,82.29,0.0,3,191,0.015700000000000002,0.0,
a&c_EMEA_MEASURE_Google Tag Manager_Phrase,2026-01-23,23.7,0.0,3,195,0.0154,0.0,
a&c_EMEA_MEASURE_Google Tag Manager_Phrase,2026-01-26,36.73,0.0,3,225,0.013300000000000001,0.0,
a&c_EMEA_MEASURE_Google Tag Manager_Phrase,2026-01-27,69.2,1.0,2,219,0.0091,0.5,69.2
a&c_EMEA_MEASURE_Google Tag Manager_Phrase,2026-01-28,91.04,0.0,4,196,0.0204,0.0,
a&c_EMEA_MEASURE_Google Tag Manager_Phrase,2026-01-29,20.81,0.0,2,200,0.01,0.0,
a&c_EMEA_MEASURE_Google Tag Manager_Phrase,2026-01-30,40.84,0.0,3,155,0.0194,0.0,
a&c_EMEA_MEASURE_Google Tag Manager_Phrase,2026-02-02,57.57,0.0,3,148,0.0203,0.0,
a&c_EMEA_MEASURE_Google Tag Manager_Phrase,2026-02-03,70.59,0.0,3,155,0.0194,0.0,
a&c_EMEA_MEASURE_Google Tag Manager_Phrase,2026-02-04,122.07,0.0,5,166,0.0301,0.0,
a&c_EMEA_MEASURE_Google Tag Manager_Phrase,2026-02-05,77.11,1.0,4,128,0.0313,0.25,77.11
a&c_EMEA_MEASURE_Google Tag Manager_Phrase,2026-02-06,48.91,0.0,4,98,0.0408,0.0,
a&c_EMEA_MEASURE_Google Tag Manager_Phrase,2026-02-09,75.24,0.0,3,148,0.0203,0.0,
a&c_EMEA_MEASURE_Google Tag Manager_Phrase,2026-02-10,26.44,0.0,2,159,0.0126,0.0,
a&c_EMEA_MEASURE_Google Tag Manager_Phrase,2026-02-11,10.68,0.0,2,148,0.013500000000000002,0.0,
a&c_EMEA_MEASURE_Google Tag Manager_Phrase,2026-02-12,30.01,1.0,1,155,0.006500000000000001,1.0,30.01
a&c_EMEA_MEASURE_Google Tag Manager_Phrase,2026-02-13,2.26,0.0,1,128,0.0078000000000000005,0.0,
a&c_EMEA_MEASURE_Google Tag Manager_Phrase,2026-02-16,58.41,1.0,2,148,0.013500000000000002,0.5,58.41
a&c_EMEA_MEASURE_Google Tag Manager_Phrase,2026-02-17,47.62,0.0,3,157,0.0191,0.0,
a&c_EMEA_MEASURE_Google Tag Manager_Phrase,2026-02-18,95.42,0.0,5,160,0.0313,0.0,
a&c_EMEA_MEASURE_Google Tag Manager_Phrase,2026-02-19,62.76,0.0,2,125,0.016,0.0,
a&c_EMEA_MEASURE_Google Tag Manager_Phrase,2026-02-23,25.9,1.0,2,154,0.013000000000000001,0.5,25.9
a&c_EMEA_MEASURE_Google Tag Manager_Phrase,2026-02-24,66.04,0.0,4,106,0.0377,0.0,
a&c_EMEA_MEASURE_Google Tag Manager_Phrase,2026-02-25,102.66,0.0,5,111,0.045,0.0,
a&c_EMEA_MEASURE_Google Tag Manager_Phrase,2026-02-26,199.89,0.0,4,128,0.0313,0.0,
a&c_EMEA_MEASURE_Google Tag Manager_Phrase,2026-02-27,41.65,0.0,3,68,0.0441,0.0,
a&c_EMEA_MEASURE_Marketing_Product_Analytics_Exact,2025-12-01,6.38,1.0,1,8,0.125,1.0,6.38
a&c_EMEA_MEASURE_Marketing_Product_Analytics_Exact,2025-12-09,3.83,0.0,1,9,0.11109999999999999,0.0,
a&c_EMEA_MEASURE_Marketing_Product_Analytics_Exact,2026-01-08,9.3,0.0,1,4,0.25,0.0,
a&c_EMEA_MEASURE_Marketing_Product_Analytics_Exact,2026-01-09,4.05,0.0,1,4,0.25,0.0,
a&c_EMEA_MEASURE_Marketing_Product_Analytics_Exact,2026-01-12,24.43,0.0,2,5,0.4,0.0,
a&c_EMEA_MEASURE_Marketing_Product_Analytics_Exact,2026-01-27,2.66,0.0,1,4,0.25,0.0,
a&c_EMEA_MEASURE_Marketing_Product_Analytics_Exact,2026-01-29,4.88,0.0,1,4,0.25,0.0,
a&c_EMEA_MEASURE_Marketing_Product_Analytics_Exact,2026-02-03,0.87,0.0,1,4,0.25,0.0,
a&c_EMEA_MEASURE_Marketing_Product_Analytics_Exact,2026-02-09,7.48,0.0,1,3,0.3333,0.0,
a&c_EMEA_MEASURE_Marketing_Product_Analytics_Exact,2026-02-10,2.79,0.0,1,8,0.125,0.0,
a&c_EMEA_MEASURE_Marketing_Product_Analytics_Exact,2026-02-16,1.71,0.0,1,4,0.25,0.0,
a&c_EMEA_MEASURE_Marketing_Product_Analytics_Exact,2026-02-18,8.28,0.0,1,1,1.0,0.0,
a&c_EMEA_MEASURE_Marketing_Product_Analytics_Exact,2026-02-23,1.45,0.0,1,3,0.3333,0.0,
a&c_EMEA_MEASURE_Marketing_Product_Analytics_Exact,2026-02-25,4.29,0.0,1,3,0.3333,0.0,
a&c_NA_MEASURE_Cookie Consent_Exact,2026-01-26,40.02,1.0,2,4,0.5,0.5,40.02
a&c_NA_MEASURE_Cookie Consent_Exact,2026-02-04,8.96,0.0,1,0,0.0,0.0,
a&c_NA_MEASURE_GA_Training & Audits_Exact,2025-12-02,21.74,0.0,3,24,0.125,0.0,
a&c_NA_MEASURE_GA_Training & Audits_Exact,2025-12-03,7.33,0.0,1,35,0.0286,0.0,
a&c_NA_MEASURE_GA_Training & Audits_Exact,2025-12-04,5.26,0.0,1,21,0.047599999999999996,0.0,
a&c_NA_MEASURE_GA_Training & Audits_Exact,2025-12-05,14.38,0.0,2,28,0.07139999999999999,0.0,
a&c_NA_MEASURE_GA_Training & Audits_Exact,2025-12-08,7.89,0.0,1,29,0.0345,0.0,
a&c_NA_MEASURE_GA_Training & Audits_Exact,2025-12-09,13.26,0.0,1,23,0.0435,0.0,
a&c_NA_MEASURE_GA_Training & Audits_Exact,2025-12-10,10.81,0.0,1,32,0.0313,0.0,
a&c_NA_MEASURE_GA_Training & Audits_Exact,2025-12-12,12.85,0.0,1,14,0.07139999999999999,0.0,
a&c_NA_MEASURE_GA_Training & Audits_Exact,2025-12-14,15.18,0.0,3,10,0.3,0.0,
a&c_NA_MEASURE_GA_Training & Audits_Exact,2025-12-15,3.63,0.0,1,28,0.035699999999999996,0.0,
a&c_NA_MEASURE_GA_Training & Audits_Exact,2026-01-05,5.57,0.0,1,35,0.0286,0.0,
a&c_NA_MEASURE_GA_Training & Audits_Exact,2026-01-08,9.95,0.0,3,21,0.1429,0.0,
a&c_NA_MEASURE_GA_Training & Audits_Exact,2026-01-09,1.73,0.0,1,23,0.0435,0.0,
a&c_NA_MEASURE_GA_Training & Audits_Exact,2026-01-10,31.4,0.0,2,9,0.22219999999999998,0.0,
a&c_NA_MEASURE_GA_Training & Audits_Exact,2026-01-12,3.3,0.0,1,19,0.0526,0.0,
a&c_NA_MEASURE_GA_Training & Audits_Exact,2026-01-14,16.14,0.0,4,41,0.09759999999999999,0.0,
a&c_NA_MEASURE_GA_Training & Audits_Exact,2026-01-15,5.71,0.0,1,40,0.025,0.0,
a&c_NA_MEASURE_GA_Training & Audits_Exact,2026-01-17,7.66,0.0,1,2,0.5,0.0,
a&c_NA_MEASURE_GA_Training & Audits_Exact,2026-01-20,4.51,0.0,1,17,0.0588,0.0,
a&c_NA_MEASURE_GA_Training & Audits_Exact,2026-01-21,4.4,0.0,2,26,0.07690000000000001,0.0,
a&c_NA_MEASURE_GA_Training & Audits_Exact,2026-01-22,24.41,0.0,2,21,0.09519999999999999,0.0,
a&c_NA_MEASURE_GA_Training & Audits_Exact,2026-01-24,7.74,0.0,2,6,0.3333,0.0,
a&c_NA_MEASURE_GA_Training & Audits_Exact,2026-01-26,48.51,0.0,2,28,0.07139999999999999,0.0,
a&c_NA_MEASURE_GA_Training & Audits_Exact,2026-01-27,11.62,0.0,3,29,0.10339999999999999,0.0,
a&c_NA_MEASURE_GA_Training & Audits_Exact,2026-01-30,5.0,0.0,1,25,0.04,0.0,
a&c_NA_MEASURE_GA_Training & Audits_Exact,2026-02-02,11.2,0.0,2,47,0.0426,0.0,
a&c_NA_MEASURE_GA_Training & Audits_Exact,2026-02-04,15.66,0.0,3,19,0.15789999999999998,0.0,
a&c_NA_MEASURE_GA_Training & Audits_Exact,2026-02-05,10.93,0.0,1,35,0.0286,0.0,
a&c_NA_MEASURE_GA_Training & Audits_Exact,2026-02-06,20.93,0.0,1,27,0.037000000000000005,0.0,
a&c_NA_MEASURE_GA_Training & Audits_Exact,2026-02-09,36.48,1.0,4,39,0.1026,0.25,36.48
a&c_NA_MEASURE_GA_Training & Audits_Exact,2026-02-10,2.08,0.0,1,47,0.0213,0.0,
a&c_NA_MEASURE_GA_Training & Audits_Exact,2026-02-12,31.89,0.0,1,40,0.025,0.0,
a&c_NA_MEASURE_GA_Training & Audits_Exact,2026-02-16,14.21,0.0,1,20,0.05,0.0,
a&c_NA_MEASURE_GA_Training & Audits_Exact,2026-02-17,7.8,0.0,1,27,0.037000000000000005,0.0,
a&c_NA_MEASURE_GA_Training & Audits_Exact,2026-02-19,4.89,0.0,1,30,0.0333,0.0,
a&c_NA_MEASURE_GA_Training & Audits_Exact,2026-02-20,6.4,0.0,1,24,0.0417,0.0,
a&c_NA_MEASURE_GA_Training & Audits_Exact,2026-02-25,5.98,0.0,2,29,0.069,0.0,
a&c_NA_MEASURE_GA_Training & Audits_Exact,2026-02-26,7.14,0.0,1,31,0.0323,0.0,
a&c_NA_MEASURE_GA_Training & Audits_Exact,2026-02-27,31.07,1.0,1,35,0.0286,1.0,31.07
a&c_NA_MEASURE_GA_Training & Audits__Phrase,2025-12-05,100.08,1.0,2,10,0.2,0.5,100.08
a&c_NA_MEASURE_GA_Training & Audits__Phrase,2025-12-10,20.57,0.0,2,10,0.2,0.0,
a&c_NA_MEASURE_GA_Training & Audits__Phrase,2025-12-15,35.74,0.0,1,12,0.0833,0.0,
a&c_NA_MEASURE_GA_Training & Audits__Phrase,2026-01-05,24.04,0.0,2,4,0.5,0.0,
a&c_NA_MEASURE_GA_Training & Audits__Phrase,2026-01-08,54.39,0.0,1,6,0.16670000000000001,0.0,
a&c_NA_MEASURE_GA_Training & Audits__Phrase,2026-01-21,77.8,1.0,1,4,0.25,1.0,77.8
a&c_NA_MEASURE_GA_Training & Audits__Phrase,2026-01-22,8.79,0.0,1,5,0.2,0.0,
a&c_NA_MEASURE_GA_Training & Audits__Phrase,2026-01-24,37.89,0.0,1,4,0.25,0.0,
a&c_NA_MEASURE_GA_Training & Audits__Phrase,2026-02-06,38.95,0.0,1,5,0.2,0.0,
a&c_NA_MEASURE_GA_Training & Audits__Phrase,2026-02-10,29.03,1.0,2,16,0.125,0.5,29.03
a&c_NA_MEASURE_GA_Training & Audits__Phrase,2026-02-12,41.34,0.0,1,8,0.125,0.0,
a&c_NA_MEASURE_GA_Training & Audits__Phrase,2026-02-18,28.48,0.0,1,6,0.16670000000000001,0.0,
a&c_NA_MEASURE_GA_Training & Audits__Phrase,2026-02-20,23.99,0.0,1,7,0.1429,0.0,
a&c_NA_MEASURE_GA_Training & Audits__Phrase,2026-02-26,19.2,0.0,1,4,0.25,0.0,
a&c_NA_MEASURE_Google Analytics_Services_Exact,2025-12-02,24.77,0.0,1,37,0.027000000000000003,0.0,
a&c_NA_MEASURE_Google Analytics_Services_Exact,2025-12-03,330.69,1.0,3,42,0.07139999999999999,0.3333,330.69
a&c_NA_MEASURE_Google Analytics_Services_Exact,2025-12-04,176.93,1.0,3,50,0.06,0.3333,176.93
a&c_NA_MEASURE_Google Analytics_Services_Exact,2025-12-05,23.45,0.0,1,31,0.0323,0.0,
a&c_NA_MEASURE_Google Analytics_Services_Exact,2025-12-08,30.21,0.0,1,27,0.037000000000000005,0.0,
a&c_NA_MEASURE_Google Analytics_Services_Exact,2025-12-09,16.95,0.0,2,37,0.0541,0.0,
a&c_NA_MEASURE_Google Analytics_Services_Exact,2025-12-10,28.16,0.0,1,30,0.0333,0.0,
a&c_NA_MEASURE_Google Analytics_Services_Exact,2025-12-11,249.9,0.0,4,23,0.1739,0.0,
a&c_NA_MEASURE_Google Analytics_Services_Exact,2025-12-12,159.41,1.0,3,45,0.0667,0.3333,159.41
a&c_NA_MEASURE_Google Analytics_Services_Exact,2025-12-15,46.95,0.0,1,25,0.04,0.0,
a&c_NA_MEASURE_Google Analytics_Services_Exact,2025-12-16,31.9,0.0,2,30,0.0667,0.0,
a&c_NA_MEASURE_Google Analytics_Services_Exact,2025-12-17,13.64,0.0,2,58,0.0345,0.0,
a&c_NA_MEASURE_Google Analytics_Services_Exact,2026-01-05,80.88,1.0,3,42,0.07139999999999999,0.3333,80.88
a&c_NA_MEASURE_Google Analytics_Services_Exact,2026-01-07,66.64,0.0,2,76,0.0263,0.0,
a&c_NA_MEASURE_Google Analytics_Services_Exact,2026-01-08,127.56,0.0,1,55,0.0182,0.0,
a&c_NA_MEASURE_Google Analytics_Services_Exact,2026-01-12,61.87,0.0,2,18,0.11109999999999999,0.0,
a&c_NA_MEASURE_Google Analytics_Services_Exact,2026-01-13,3.81,0.0,1,44,0.0227,0.0,
a&c_NA_MEASURE_Google Analytics_Services_Exact,2026-01-14,136.27,1.0,4,52,0.07690000000000001,0.25,136.27
a&c_NA_MEASURE_Google Analytics_Services_Exact,2026-01-15,31.55,1.0,1,39,0.0256,1.0,31.55
a&c_NA_MEASURE_Google Analytics_Services_Exact,2026-01-16,52.9,1.0,1,35,0.0286,1.0,52.9
a&c_NA_MEASURE_Google Analytics_Services_Exact,2026-01-19,194.55,1.0,3,27,0.11109999999999999,0.3333,194.55
a&c_NA_MEASURE_Google Analytics_Services_Exact,2026-01-21,13.85,0.0,1,64,0.015600000000000001,0.0,
a&c_NA_MEASURE_Google Analytics_Services_Exact,2026-01-22,84.67,0.0,1,34,0.0294,0.0,
a&c_NA_MEASURE_Google Analytics_Services_Exact,2026-01-26,288.56,1.0,3,57,0.0526,0.3333,288.56
a&c_NA_MEASURE_Google Analytics_Services_Exact,2026-01-28,190.91,0.0,3,39,0.07690000000000001,0.0,
a&c_NA_MEASURE_Google Analytics_Services_Exact,2026-01-29,83.43,0.0,4,38,0.10529999999999999,0.0,
a&c_NA_MEASURE_Google Analytics_Services_Exact,2026-01-30,8.92,0.0,1,24,0.0417,0.0,
a&c_NA_MEASURE_Google Analytics_Services_Exact,2026-02-02,59.02,0.0,2,42,0.047599999999999996,0.0,
a&c_NA_MEASURE_Google Analytics_Services_Exact,2026-02-03,128.02,0.0,5,50,0.1,0.0,
a&c_NA_MEASURE_Google Analytics_Services_Exact,2026-02-04,82.61,0.0,2,64,0.0313,0.0,
a&c_NA_MEASURE_Google Analytics_Services_Exact,2026-02-10,11.73,0.0,1,48,0.0208,0.0,
a&c_NA_MEASURE_Google Analytics_Services_Exact,2026-02-11,10.63,0.0,2,32,0.0625,0.0,
a&c_NA_MEASURE_Google Analytics_Services_Exact,2026-02-12,127.94,0.0,5,59,0.08470000000000001,0.0,
a&c_NA_MEASURE_Google Analytics_Services_Exact,2026-02-13,8.0,0.0,1,24,0.0417,0.0,
a&c_NA_MEASURE_Google Analytics_Services_Exact,2026-02-17,12.45,0.0,1,22,0.0455,0.0,
a&c_NA_MEASURE_Google Analytics_Services_Exact,2026-02-19,136.86,0.0,2,32,0.0625,0.0,
a&c_NA_MEASURE_Google Analytics_Services_Exact,2026-02-20,10.51,0.0,1,21,0.047599999999999996,0.0,
a&c_NA_MEASURE_Google Analytics_Services_Exact,2026-02-24,114.2,1.0,3,47,0.0638,0.3333,114.2
a&c_NA_MEASURE_Google Analytics_Services_Exact,2026-02-26,78.94,0.0,2,32,0.0625,0.0,
a&c_NA_MEASURE_Google Analytics_Services_Exact,2026-02-27,22.37,1.0,1,29,0.0345,1.0,22.37
a&c_NA_MEASURE_Google Analytics_Services_Phrase,2025-12-01,101.73,1.0,3,250,0.012,0.3333,101.73
a&c_NA_MEASURE_Google Analytics_Services_Phrase,2025-12-02,90.91,0.0,6,273,0.022000000000000002,0.0,
a&c_NA_MEASURE_Google Analytics_Services_Phrase,2025-12-03,311.57,2.0,13,311,0.0418,0.15380000000000002,155.785
a&c_NA_MEASURE_Google Analytics_Services_Phrase,2025-12-04,292.05,1.0,9,357,0.0252,0.11109999999999999,292.05
a&c_NA_MEASURE_Google Analytics_Services_Phrase,2025-12-05,167.31,1.0,5,290,0.0172,0.2,167.31
a&c_NA_MEASURE_Google Analytics_Services_Phrase,2025-12-08,212.89,2.0,4,434,0.0092,0.5,106.445
a&c_NA_MEASURE_Google Analytics_Services_Phrase,2025-12-09,201.19,1.0,8,454,0.0176,0.125,201.19
a&c_NA_MEASURE_Google Analytics_Services_Phrase,2025-12-10,212.42,1.0,12,520,0.0231,0.0833,212.42
a&c_NA_MEASURE_Google Analytics_Services_Phrase,2025-12-11,257.0,0.0,13,500,0.026000000000000002,0.0,
a&c_NA_MEASURE_Google Analytics_Services_Phrase,2025-12-12,90.42,0.0,9,419,0.0215,0.0,
a&c_NA_MEASURE_Google Analytics_Services_Phrase,2025-12-15,210.98,0.0,8,362,0.022099999999999998,0.0,
a&c_NA_MEASURE_Google Analytics_Services_Phrase,2025-12-16,153.96,1.0,7,364,0.0192,0.1429,153.96
a&c_NA_MEASURE_Google Analytics_Services_Phrase,2025-12-17,180.75,0.0,8,263,0.0304,0.0,
a&c_NA_MEASURE_Google Analytics_Services_Phrase,2025-12-18,148.21,0.0,4,44,0.0909,0.0,
a&c_NA_MEASURE_Google Analytics_Services_Phrase,2026-01-06,36.56,0.0,3,207,0.014499999999999999,0.0,
a&c_NA_MEASURE_Google Analytics_Services_Phrase,2026-01-07,173.34,0.0,9,360,0.025,0.0,
a&c_NA_MEASURE_Google Analytics_Services_Phrase,2026-01-08,349.93,0.0,10,200,0.05,0.0,
a&c_NA_MEASURE_Google Analytics_Services_Phrase,2026-01-09,262.6,0.0,9,348,0.0259,0.0,
a&c_NA_MEASURE_Google Analytics_Services_Phrase,2026-01-12,43.35,0.0,4,413,0.0097,0.0,
a&c_NA_MEASURE_Google Analytics_Services_Phrase,2026-01-13,229.29,0.0,14,520,0.0269,0.0,
a&c_NA_MEASURE_Google Analytics_Services_Phrase,2026-01-14,216.22,1.0,4,527,0.0076,0.25,216.22
a&c_NA_MEASURE_Google Analytics_Services_Phrase,2026-01-15,112.77,0.0,9,555,0.016200000000000003,0.0,
a&c_NA_MEASURE_Google Analytics_Services_Phrase,2026-01-16,31.96,0.0,5,420,0.011899999999999999,0.0,
a&c_NA_MEASURE_Google Analytics_Services_Phrase,2026-01-19,92.96,1.0,4,244,0.016399999999999998,0.25,92.96
a&c_NA_MEASURE_Google Analytics_Services_Phrase,2026-01-20,319.6,0.0,8,435,0.0184,0.0,
a&c_NA_MEASURE_Google Analytics_Services_Phrase,2026-01-21,144.2,0.0,8,508,0.015700000000000002,0.0,
a&c_NA_MEASURE_Google Analytics_Services_Phrase,2026-01-22,113.87,0.0,5,429,0.011699999999999999,0.0,
a&c_NA_MEASURE_Google Analytics_Services_Phrase,2026-01-23,191.62,1.0,9,433,0.0208,0.11109999999999999,191.62
a&c_NA_MEASURE_Google Analytics_Services_Phrase,2026-01-26,134.33,0.0,10,410,0.024399999999999998,0.0,
a&c_NA_MEASURE_Google Analytics_Services_Phrase,2026-01-27,166.41,0.0,9,442,0.0204,0.0,
a&c_NA_MEASURE_Google Analytics_Services_Phrase,2026-01-28,117.04,0.0,6,431,0.0139,0.0,
a&c_NA_MEASURE_Google Analytics_Services_Phrase,2026-01-29,280.76,1.0,12,394,0.0305,0.0833,280.76
a&c_NA_MEASURE_Google Analytics_Services_Phrase,2026-01-30,144.52,0.0,7,319,0.0219,0.0,
a&c_NA_MEASURE_Google Analytics_Services_Phrase,2026-02-02,147.65,0.0,9,391,0.023,0.0,
a&c_NA_MEASURE_Google Analytics_Services_Phrase,2026-02-03,152.27,1.0,11,340,0.032400000000000005,0.0909,152.27
a&c_NA_MEASURE_Google Analytics_Services_Phrase,2026-02-04,216.39,1.0,8,217,0.0369,0.125,216.39
a&c_NA_MEASURE_Google Analytics_Services_Phrase,2026-02-05,15.59,0.0,2,301,0.0066,0.0,
a&c_NA_MEASURE_Google Analytics_Services_Phrase,2026-02-06,96.54,0.0,7,236,0.0297,0.0,
a&c_NA_MEASURE_Google Analytics_Services_Phrase,2026-02-09,201.07,0.0,6,404,0.0149,0.0,
a&c_NA_MEASURE_Google Analytics_Services_Phrase,2026-02-10,44.46,0.0,3,371,0.008100000000000001,0.0,
a&c_NA_MEASURE_Google Analytics_Services_Phrase,2026-02-11,204.03,0.0,6,322,0.018600000000000002,0.0,
a&c_NA_MEASURE_Google Analytics_Services_Phrase,2026-02-12,93.68,0.0,9,384,0.023399999999999997,0.0,
a&c_NA_MEASURE_Google Analytics_Services_Phrase,2026-02-13,136.08,1.0,7,331,0.021099999999999997,0.1429,136.08
a&c_NA_MEASURE_Google Analytics_Services_Phrase,2026-02-16,57.63,0.0,2,254,0.0079,0.0,
a&c_NA_MEASURE_Google Analytics_Services_Phrase,2026-02-17,62.9,0.0,3,351,0.0085,0.0,
a&c_NA_MEASURE_Google Analytics_Services_Phrase,2026-02-18,34.9,0.0,3,222,0.013500000000000002,0.0,
a&c_NA_MEASURE_Google Analytics_Services_Phrase,2026-02-19,216.25,0.0,6,251,0.0239,0.0,
a&c_NA_MEASURE_Google Analytics_Services_Phrase,2026-02-20,7.43,0.0,1,207,0.0048,0.0,
a&c_NA_MEASURE_Google Analytics_Services_Phrase,2026-02-23,69.07,0.0,4,147,0.027200000000000002,0.0,
a&c_NA_MEASURE_Google Analytics_Services_Phrase,2026-02-24,85.44,1.0,2,143,0.013999999999999999,0.5,85.44
a&c_NA_MEASURE_Google Analytics_Services_Phrase,2026-02-25,86.79,0.0,3,109,0.0275,0.0,
a&c_NA_MEASURE_Google Analytics_Services_Phrase,2026-02-26,51.72,1.0,4,113,0.0354,0.25,51.72
a&c_NA_MEASURE_Google Analytics_Services_Phrase,2026-02-27,15.92,0.0,1,94,0.0106,0.0,
a&c_NA_MEASURE_Google Tag Manager_Exact,2025-12-01,60.81,0.0,1,35,0.0286,0.0,
a&c_NA_MEASURE_Google Tag Manager_Exact,2025-12-02,49.81,0.0,2,64,0.0313,0.0,
a&c_NA_MEASURE_Google Tag Manager_Exact,2025-12-03,106.53,0.0,4,46,0.087,0.0,
a&c_NA_MEASURE_Google Tag Manager_Exact,2025-12-04,70.48,0.0,2,44,0.0455,0.0,
a&c_NA_MEASURE_Google Tag Manager_Exact,2025-12-05,87.36,0.0,1,26,0.0385,0.0,
a&c_NA_MEASURE_Google Tag Manager_Exact,2025-12-08,112.95,0.0,2,67,0.029900000000000003,0.0,
a&c_NA_MEASURE_Google Tag Manager_Exact,2025-12-09,162.95,0.0,5,48,0.1042,0.0,
a&c_NA_MEASURE_Google Tag Manager_Exact,2025-12-11,47.45,1.0,3,48,0.0625,0.3333,47.45
a&c_NA_MEASURE_Google Tag Manager_Exact,2025-12-12,247.8,0.0,2,40,0.05,0.0,
a&c_NA_MEASURE_Google Tag Manager_Exact,2025-12-15,23.72,0.0,1,45,0.0222,0.0,
a&c_NA_MEASURE_Google Tag Manager_Exact,2025-12-16,31.58,0.0,2,63,0.0317,0.0,
a&c_NA_MEASURE_Google Tag Manager_Exact,2026-01-05,8.46,0.0,1,49,0.0204,0.0,
a&c_NA_MEASURE_Google Tag Manager_Exact,2026-01-06,196.93,1.0,5,37,0.1351,0.2,196.93
a&c_NA_MEASURE_Google Tag Manager_Exact,2026-01-07,83.81,0.0,1,52,0.0192,0.0,
a&c_NA_MEASURE_Google Tag Manager_Exact,2026-01-08,58.15,0.0,1,39,0.0256,0.0,
a&c_NA_MEASURE_Google Tag Manager_Exact,2026-01-12,24.71,0.0,1,66,0.0152,0.0,
a&c_NA_MEASURE_Google Tag Manager_Exact,2026-01-13,31.46,0.0,2,50,0.04,0.0,
a&c_NA_MEASURE_Google Tag Manager_Exact,2026-01-14,15.35,0.0,1,44,0.0227,0.0,
a&c_NA_MEASURE_Google Tag Manager_Exact,2026-01-15,56.39,0.0,3,49,0.061200000000000004,0.0,
a&c_NA_MEASURE_Google Tag Manager_Exact,2026-01-16,32.74,0.0,2,43,0.04650000000000001,0.0,
a&c_NA_MEASURE_Google Tag Manager_Exact,2026-01-19,35.47,0.0,2,23,0.087,0.0,
a&c_NA_MEASURE_Google Tag Manager_Exact,2026-01-20,151.43,0.0,4,47,0.0851,0.0,
a&c_NA_MEASURE_Google Tag Manager_Exact,2026-01-21,124.56,0.0,2,37,0.0541,0.0,
a&c_NA_MEASURE_Google Tag Manager_Exact,2026-01-22,216.59,1.0,5,52,0.0962,0.2,216.59
a&c_NA_MEASURE_Google Tag Manager_Exact,2026-01-23,26.19,0.0,2,27,0.0741,0.0,
a&c_NA_MEASURE_Google Tag Manager_Exact,2026-01-26,140.91,0.0,3,41,0.0732,0.0,
a&c_NA_MEASURE_Google Tag Manager_Exact,2026-01-27,162.21,0.0,5,54,0.0926,0.0,
a&c_NA_MEASURE_Google Tag Manager_Exact,2026-01-28,80.47,0.0,2,39,0.0513,0.0,
a&c_NA_MEASURE_Google Tag Manager_Exact,2026-01-29,43.56,0.0,1,53,0.0189,0.0,
a&c_NA_MEASURE_Google Tag Manager_Exact,2026-01-30,147.2,0.0,4,59,0.0678,0.0,
a&c_NA_MEASURE_Google Tag Manager_Exact,2026-02-02,86.84,0.0,1,65,0.0154,0.0,
a&c_NA_MEASURE_Google Tag Manager_Exact,2026-02-03,26.85,0.0,1,55,0.0182,0.0,
a&c_NA_MEASURE_Google Tag Manager_Exact,2026-02-04,226.76,0.0,4,61,0.06559999999999999,0.0,
a&c_NA_MEASURE_Google Tag Manager_Exact,2026-02-05,111.48,0.0,1,45,0.0222,0.0,
a&c_NA_MEASURE_Google Tag Manager_Exact,2026-02-06,8.42,0.0,1,45,0.0222,0.0,
a&c_NA_MEASURE_Google Tag Manager_Exact,2026-02-09,162.28,1.0,3,54,0.0556,0.3333,162.28
a&c_NA_MEASURE_Google Tag Manager_Exact,2026-02-10,143.63,1.0,4,89,0.0449,0.25,143.63
a&c_NA_MEASURE_Google Tag Manager_Exact,2026-02-11,43.59,0.0,1,80,0.0125,0.0,
a&c_NA_MEASURE_Google Tag Manager_Exact,2026-02-12,97.85,0.0,2,46,0.0435,0.0,
a&c_NA_MEASURE_Google Tag Manager_Exact,2026-02-13,44.92,0.0,2,40,0.05,0.0,
a&c_NA_MEASURE_Google Tag Manager_Exact,2026-02-16,319.78,0.0,3,38,0.0789,0.0,
a&c_NA_MEASURE_Google Tag Manager_Exact,2026-02-17,19.57,0.0,1,25,0.04,0.0,
a&c_NA_MEASURE_Google Tag Manager_Exact,2026-02-18,97.09,0.0,4,61,0.06559999999999999,0.0,
a&c_NA_MEASURE_Google Tag Manager_Exact,2026-02-19,291.31,2.0,5,44,0.11359999999999999,0.4,145.655
a&c_NA_MEASURE_Google Tag Manager_Exact,2026-02-20,76.94,0.0,1,48,0.0208,0.0,
a&c_NA_MEASURE_Google Tag Manager_Exact,2026-02-24,31.57,0.0,2,54,0.037000000000000005,0.0,
a&c_NA_MEASURE_Google Tag Manager_Exact,2026-02-26,95.26,1.0,3,57,0.0526,0.3333,95.26
a&c_NA_MEASURE_Google Tag Manager_Exact,2026-02-27,159.51,0.0,4,58,0.069,0.0,
a&c_NA_MEASURE_Google Tag Manager_Phrase,2025-12-01,53.31,1.0,4,224,0.0179,0.25,53.31
a&c_NA_MEASURE_Google Tag Manager_Phrase,2025-12-02,93.22,0.0,3,172,0.0174,0.0,
a&c_NA_MEASURE_Google Tag Manager_Phrase,2025-12-03,126.64,0.0,7,314,0.0223,0.0,
a&c_NA_MEASURE_Google Tag Manager_Phrase,2025-12-04,233.03,1.0,10,311,0.0322,0.1,233.03
a&c_NA_MEASURE_Google Tag Manager_Phrase,2025-12-05,82.41,0.0,5,226,0.022099999999999998,0.0,
a&c_NA_MEASURE_Google Tag Manager_Phrase,2025-12-08,20.18,0.0,2,324,0.0062,0.0,
a&c_NA_MEASURE_Google Tag Manager_Phrase,2025-12-09,85.99,0.0,3,318,0.009399999999999999,0.0,
a&c_NA_MEASURE_Google Tag Manager_Phrase,2025-12-11,98.47,0.0,6,234,0.0256,0.0,
a&c_NA_MEASURE_Google Tag Manager_Phrase,2025-12-12,103.63,0.0,2,195,0.0103,0.0,
a&c_NA_MEASURE_Google Tag Manager_Phrase,2025-12-15,158.3,0.0,4,324,0.0123,0.0,
a&c_NA_MEASURE_Google Tag Manager_Phrase,2025-12-16,36.32,0.0,3,347,0.0086,0.0,
a&c_NA_MEASURE_Google Tag Manager_Phrase,2026-01-06,118.54,0.0,2,258,0.0078000000000000005,0.0,
a&c_NA_MEASURE_Google Tag Manager_Phrase,2026-01-07,20.58,0.0,1,291,0.0034000000000000002,0.0,
a&c_NA_MEASURE_Google Tag Manager_Phrase,2026-01-08,11.95,0.0,1,288,0.0034999999999999996,0.0,
a&c_NA_MEASURE_Google Tag Manager_Phrase,2026-01-09,77.04,0.0,3,208,0.0144,0.0,
a&c_NA_MEASURE_Google Tag Manager_Phrase,2026-01-12,130.82,0.0,4,143,0.027999999999999997,0.0,
a&c_NA_MEASURE_Google Tag Manager_Phrase,2026-01-13,14.68,0.0,1,241,0.0040999999999999995,0.0,
a&c_NA_MEASURE_Google Tag Manager_Phrase,2026-01-14,20.22,0.0,2,197,0.0102,0.0,
a&c_NA_MEASURE_Google Tag Manager_Phrase,2026-01-15,183.98,1.0,9,268,0.0336,0.11109999999999999,183.98
a&c_NA_MEASURE_Google Tag Manager_Phrase,2026-01-16,65.49,0.0,3,168,0.0179,0.0,
a&c_NA_MEASURE_Google Tag Manager_Phrase,2026-01-19,36.65,0.0,3,212,0.014199999999999999,0.0,
a&c_NA_MEASURE_Google Tag Manager_Phrase,2026-01-20,11.05,0.0,1,327,0.0031,0.0,
a&c_NA_MEASURE_Google Tag Manager_Phrase,2026-01-21,37.05,0.0,2,249,0.008,0.0,
a&c_NA_MEASURE_Google Tag Manager_Phrase,2026-01-22,81.42,0.0,3,222,0.013500000000000002,0.0,
a&c_NA_MEASURE_Google Tag Manager_Phrase,2026-01-23,44.97,0.0,2,204,0.0098,0.0,
a&c_NA_MEASURE_Google Tag Manager_Phrase,2026-01-26,39.9,0.0,4,257,0.015600000000000001,0.0,
a&c_NA_MEASURE_Google Tag Manager_Phrase,2026-01-27,68.54,0.0,5,293,0.0171,0.0,
a&c_NA_MEASURE_Google Tag Manager_Phrase,2026-01-28,196.12,2.0,7,248,0.0282,0.2857,98.06
a&c_NA_MEASURE_Google Tag Manager_Phrase,2026-01-29,174.48,0.0,4,202,0.019799999999999998,0.0,
a&c_NA_MEASURE_Google Tag Manager_Phrase,2026-01-30,129.3,1.0,2,204,0.0098,0.5,129.3
a&c_NA_MEASURE_Google Tag Manager_Phrase,2026-02-02,37.16,0.0,2,218,0.0092,0.0,
a&c_NA_MEASURE_Google Tag Manager_Phrase,2026-02-03,14.62,0.0,2,193,0.0104,0.0,
a&c_NA_MEASURE_Google Tag Manager_Phrase,2026-02-04,77.59,0.0,6,278,0.0216,0.0,
a&c_NA_MEASURE_Google Tag Manager_Phrase,2026-02-05,49.67,0.0,3,227,0.0132,0.0,
a&c_NA_MEASURE_Google Tag Manager_Phrase,2026-02-06,25.33,0.0,2,205,0.0098,0.0,
a&c_NA_MEASURE_Google Tag Manager_Phrase,2026-02-09,137.94,0.0,8,290,0.0276,0.0,
a&c_NA_MEASURE_Google Tag Manager_Phrase,2026-02-10,267.76,1.0,7,280,0.025,0.1429,267.76
a&c_NA_MEASURE_Google Tag Manager_Phrase,2026-02-11,112.66,0.0,4,186,0.0215,0.0,
a&c_NA_MEASURE_Google Tag Manager_Phrase,2026-02-12,70.41,0.0,3,220,0.013600000000000001,0.0,
a&c_NA_MEASURE_Google Tag Manager_Phrase,2026-02-13,42.29,0.0,4,188,0.0213,0.0,
a&c_NA_MEASURE_Google Tag Manager_Phrase,2026-02-16,153.47,0.0,5,130,0.0385,0.0,
a&c_NA_MEASURE_Google Tag Manager_Phrase,2026-02-17,216.52,1.0,6,190,0.0316,0.16670000000000001,216.52
a&c_NA_MEASURE_Google Tag Manager_Phrase,2026-02-18,62.8,0.0,2,151,0.0132,0.0,
a&c_NA_MEASURE_Google Tag Manager_Phrase,2026-02-19,100.45,0.0,2,178,0.011200000000000002,0.0,
a&c_NA_MEASURE_Google Tag Manager_Phrase,2026-02-20,62.08,0.0,3,102,0.0294,0.0,
a&c_NA_MEASURE_Google Tag Manager_Phrase,2026-02-24,129.78,0.0,5,102,0.049,0.0,
a&c_NA_MEASURE_Google Tag Manager_Phrase,2026-02-26,112.96,0.0,2,108,0.018500000000000003,0.0,
a&c_NA_MEASURE_Google Tag Manager_Phrase,2026-02-27,27.44,0.0,1,65,0.0154,0.0,
a&c_NA_MEASURE_Marketing_Product_Analytics_Exact,2025-12-04,16.35,0.0,2,11,0.1818,0.0,
a&c_NA_MEASURE_Marketing_Product_Analytics_Exact,2025-12-08,7.13,0.0,1,11,0.0909,0.0,
a&c_NA_MEASURE_Marketing_Product_Analytics_Exact,2025-12-09,17.7,0.0,1,14,0.07139999999999999,0.0,
a&c_NA_MEASURE_Marketing_Product_Analytics_Exact,2025-12-10,3.23,0.0,1,5,0.2,0.0,
a&c_NA_MEASURE_Marketing_Product_Analytics_Exact,2025-12-12,49.67,1.0,3,9,0.3333,0.3333,49.67
a&c_NA_MEASURE_Marketing_Product_Analytics_Exact,2025-12-16,25.47,0.0,2,19,0.10529999999999999,0.0,
a&c_NA_MEASURE_Marketing_Product_Analytics_Exact,2026-01-05,12.33,0.0,1,15,0.0667,0.0,
a&c_NA_MEASURE_Marketing_Product_Analytics_Exact,2026-01-06,4.7,0.0,1,14,0.07139999999999999,0.0,
a&c_NA_MEASURE_Marketing_Product_Analytics_Exact,2026-01-07,47.03,0.0,2,8,0.25,0.0,
a&c_NA_MEASURE_Marketing_Product_Analytics_Exact,2026-01-08,0.97,0.0,1,7,0.1429,0.0,
a&c_NA_MEASURE_Marketing_Product_Analytics_Exact,2026-01-10,6.04,0.0,1,4,0.25,0.0,
a&c_NA_MEASURE_Marketing_Product_Analytics_Exact,2026-01-11,7.62,0.0,2,2,1.0,0.0,
a&c_NA_MEASURE_Marketing_Product_Analytics_Exact,2026-01-12,38.97,0.0,1,11,0.0909,0.0,
a&c_NA_MEASURE_Marketing_Product_Analytics_Exact,2026-01-16,27.36,0.0,2,9,0.22219999999999998,0.0,
a&c_NA_MEASURE_Marketing_Product_Analytics_Exact,2026-01-17,3.98,0.0,1,5,0.2,0.0,
a&c_NA_MEASURE_Marketing_Product_Analytics_Exact,2026-01-19,14.46,0.0,1,6,0.16670000000000001,0.0,
a&c_NA_MEASURE_Marketing_Product_Analytics_Exact,2026-01-22,17.74,0.0,1,12,0.0833,0.0,
a&c_NA_MEASURE_Marketing_Product_Analytics_Exact,2026-01-24,2.49,0.0,1,5,0.2,0.0,
a&c_NA_MEASURE_Marketing_Product_Analytics_Exact,2026-01-27,8.36,0.0,1,15,0.0667,0.0,
a&c_NA_MEASURE_Marketing_Product_Analytics_Exact,2026-01-29,6.28,0.0,1,14,0.07139999999999999,0.0,
a&c_NA_MEASURE_Marketing_Product_Analytics_Exact,2026-02-09,14.01,0.0,2,11,0.1818,0.0,
a&c_NA_MEASURE_Marketing_Product_Analytics_Exact,2026-02-11,10.83,0.0,1,11,0.0909,0.0,
a&c_NA_MEASURE_Marketing_Product_Analytics_Exact,2026-02-14,2.69,0.0,1,1,1.0,0.0,
a&c_NA_MEASURE_Marketing_Product_Analytics_Exact,2026-02-16,23.82,0.0,1,1,1.0,0.0,
a&c_NA_MEASURE_Marketing_Product_Analytics_Exact,2026-02-23,6.71,0.0,1,2,0.5,0.0,
a&c_US_UK_IE Brand-Core,2025-12-02,0.54,0.0,1,9,0.11109999999999999,0.0,
a&c_US_UK_IE Brand-Core,2025-12-03,2.81,0.0,2,10,0.2,0.0,
a&c_US_UK_IE Brand-Core,2025-12-04,5.1,0.0,2,10,0.2,0.0,
a&c_US_UK_IE Brand-Core,2025-12-05,1.24,0.0,2,6,0.3333,0.0,
a&c_US_UK_IE Brand-Core,2025-12-07,2.95,0.0,2,4,0.5,0.0,
a&c_US_UK_IE Brand-Core,2025-12-08,17.73,0.0,2,6,0.3333,0.0,
a&c_US_UK_IE Brand-Core,2025-12-09,8.71,0.0,4,12,0.3333,0.0,
a&c_US_UK_IE Brand-Core,2025-12-10,4.9,0.0,1,7,0.1429,0.0,
a&c_US_UK_IE Brand-Core,2025-12-11,2.81,0.0,2,4,0.5,0.0,
a&c_US_UK_IE Brand-Core,2025-12-12,4.0,0.0,1,8,0.125,0.0,
a&c_US_UK_IE Brand-Core,2025-12-15,10.62,0.0,2,7,0.2857,0.0,
a&c_US_UK_IE Brand-Core,2025-12-16,18.39,0.0,5,11,0.4545,0.0,
a&c_US_UK_IE Brand-Core,2026-01-05,7.09,0.0,2,6,0.3333,0.0,
a&c_US_UK_IE Brand-Core,2026-01-06,0.01,0.0,1,6,0.16670000000000001,0.0,
a&c_US_UK_IE Brand-Core,2026-01-07,5.99,0.0,3,4,0.75,0.0,
a&c_US_UK_IE Brand-Core,2026-01-08,9.08,0.0,1,5,0.2,0.0,
a&c_US_UK_IE Brand-Core,2026-01-09,2.22,0.0,1,1,1.0,0.0,
a&c_US_UK_IE Brand-Core,2026-01-12,1.99,0.0,1,7,0.1429,0.0,
a&c_US_UK_IE Brand-Core,2026-01-13,13.08,0.0,2,8,0.25,0.0,
a&c_US_UK_IE Brand-Core,2026-01-15,0.6,0.0,2,15,0.1333,0.0,
a&c_US_UK_IE Brand-Core,2026-01-16,0.01,0.0,1,6,0.16670000000000001,0.0,
a&c_US_UK_IE Brand-Core,2026-01-17,4.27,0.0,3,8,0.375,0.0,
a&c_US_UK_IE Brand-Core,2026-01-18,0.09,0.0,1,2,0.5,0.0,
a&c_US_UK_IE Brand-Core,2026-01-19,2.27,0.0,1,6,0.16670000000000001,0.0,
a&c_US_UK_IE Brand-Core,2026-01-20,7.1,0.0,1,21,0.047599999999999996,0.0,
a&c_US_UK_IE Brand-Core,2026-01-21,5.38,1.0,2,6,0.3333,0.5,5.38
a&c_US_UK_IE Brand-Core,2026-01-22,4.39,0.0,2,12,0.16670000000000001,0.0,
a&c_US_UK_IE Brand-Core,2026-01-26,0.21,0.0,1,17,0.0588,0.0,
a&c_US_UK_IE Brand-Core,2026-01-27,6.97,0.0,2,7,0.2857,0.0,
a&c_US_UK_IE Brand-Core,2026-01-28,24.43,0.0,6,13,0.46149999999999997,0.0,
a&c_US_UK_IE Brand-Core,2026-01-29,24.44,0.0,4,12,0.3333,0.0,
a&c_US_UK_IE Brand-Core,2026-01-30,3.06,0.0,2,12,0.16670000000000001,0.0,
a&c_US_UK_IE Brand-Core,2026-02-03,10.28,0.0,3,8,0.375,0.0,
a&c_US_UK_IE Brand-Core,2026-02-04,8.1,0.0,3,13,0.23079999999999998,0.0,
a&c_US_UK_IE Brand-Core,2026-02-05,0.03,0.0,1,10,0.1,0.0,
a&c_US_UK_IE Brand-Core,2026-02-06,14.64,0.0,3,9,0.3333,0.0,
a&c_US_UK_IE Brand-Core,2026-02-09,1.38,0.0,1,5,0.2,0.0,
a&c_US_UK_IE Brand-Core,2026-02-10,1.06,0.0,1,8,0.125,0.0,
a&c_US_UK_IE Brand-Core,2026-02-11,10.48,0.0,3,14,0.2143,0.0,
a&c_US_UK_IE Brand-Core,2026-02-13,0.76,0.0,3,11,0.2727,0.0,
a&c_US_UK_IE Brand-Core,2026-02-16,4.11,0.0,2,14,0.1429,0.0,
a&c_US_UK_IE Brand-Core,2026-02-17,2.78,0.0,1,8,0.125,0.0,
a&c_US_UK_IE Brand-Core,2026-02-18,39.75,1.0,3,12,0.25,0.3333,39.75
a&c_US_UK_IE Brand-Core,2026-02-19,5.01,0.0,1,4,0.25,0.0,
a&c_US_UK_IE Brand-Core,2026-02-20,3.18,0.0,2,4,0.5,0.0,
a&c_US_UK_IE Brand-Core,2026-02-22,7.1,0.0,1,4,0.25,0.0,
a&c_US_UK_IE Brand-Core,2026-02-23,19.28,0.0,1,14,0.07139999999999999,0.0,
a&c_US_UK_IE Brand-Core,2026-02-24,2.5,0.0,1,12,0.0833,0.0,
a&c_US_UK_IE Brand-Core,2026-02-25,1.9,0.0,1,9,0.11109999999999999,0.0,
a&c_US_UK_IE Brand-Core,2026-02-26,9.22,0.0,2,4,0.5,0.0,
